id,Data,IP,TCLE,Língua,Figura,Dintinguíveis,Proeminentes,Descrição,Eficiente,Útil,Estética,Fonte,Compreensão,Interesse,Grau,Área,Origem
1,2020-03-02 13:31:20,200.134.9.2,s,pt,Reovírus Aviário,2,1,Sim,1,5,2,Sim,1,1,Doutorado,Exatas,Pesquisador
2,2020-03-02 17:45:41,191.52.71.228,s,pt,Reovírus Aviário,3,3,Sim,2,2,4,Não,4,2,Doutorado,Biológicas,Designer
3,2020-03-02 18:32:50,189.14.35.136,s,pt,Células Tronco,4,3,Sim,3,5,4,Não,3,3,Doutorado,Exatas,Pesquisador
4,2020-03-02 19:33:38,170.239.53.11,s,pt,Células Tronco,4,4,Sim,5,5,5,Sim,5,5,Mestrado,Biológicas,Designer
5,2020-03-03 11:50:20,189.103.158.150,s,pt,T. gondii,5,1,Sim,5,5,2,Sim,5,4,Doutorado,Biológicas,Pesquisador
6,2020-03-03 17:27:48,191.52.89.201,s,pt,Citocinas,3,3,Sim,3,5,2,Sim,2,2,Mestrado,Exatas,Pesquisador
7,2020-03-03 21:52:16,177.82.5.66,s,pt,T. gondii,5,5,Não,5,5,5,Sim,5,4,Graduação,Exatas,Designer
8,2020-03-04 01:16:43,177.58.237.24,s,pt,Febre Amarela,5,4,Sim,3,5,4,Sim,3,2,Mestrado,Exatas,Pesquisador
9,2020-03-07 16:09:23,191.179.180.98,s,pt,Citocinas,2,2,Sim,4,5,3,Sim,3,3,Mestrado,Biológicas,Designer
10,2020-03-07 16:16:46,189.76.27.6,s,pt,Linfócitos,4,4,Sim,5,5,3,Sim,4,3,Graduação,Exatas,Pesquisador
11,2020-03-07 16:18:34,191.216.224.116,s,pt,Linfócitos,4,5,Sim,5,5,4,Sim,3,3,Graduação,Exatas,Pesquisador
12,2020-03-15 14:07:31,189.14.5.112,s,pt,Febre Amarela,5,5,Sim,5,4,4,Sim,4,4,Pós-Graduação,Exatas,Designer
13,2020-04-02 17:47:28,191.177.183.211,s,pt,Linfócitos,4,4,Sim,5,5,2,Sim,3,4,Doutorado,Biológicas,Designer
14,2020-04-02 17:50:02,150.164.24.193,s,pt,Linfócitos,5,4,Não,2,4,2,Não,1,2,Doutorado,Biológicas,Designer
15,2020-04-02 21:36:44,191.19.39.102,s,pt,Reovírus Aviário,5,3,Não,4,5,3,Sim,4,4,Doutorado,Biológicas,Pesquisador
16,2020-04-02 22:33:53,177.101.136.242,s,pt,Reovírus Aviário,4,5,Não,5,5,5,Sim,4,4,Pós-Graduação,Humanas,Designer
17,2020-04-03 02:37:17,191.32.75.246,s,pt,Células Tronco,3,3,Sim,2,2,2,Sim,3,1,Doutorado,Biológicas,Pesquisador
18,2020-04-03 11:08:29,45.233.109.58,s,pt,Células Tronco,4,4,Sim,5,5,4,Sim,4,4,Mestrado,Biológicas,Designer
19,2020-04-03 14:42:54,177.25.202.44,s,pt,T. gondii,2,3,Sim,3,5,3,Não,3,2,Mestrado,Biológicas,Pesquisador
20,2020-04-03 16:40:46,168.194.160.64,s,pt,Citocinas,2,1,Sim,1,5,2,Não,1,2,Mestrado,Biológicas,Pesquisador
21,2020-04-03 20:14:58,168.194.160.2,s,pt,T. gondii,3,3,Sim,2,5,4,Sim,2,4,Mestrado,Biológicas,Designer
22,2020-04-04 03:44:03,187.48.180.175,s,pt,Febre Amarela,4,2,Sim,3,3,1,Não,3,1,Mestrado,Exatas,Pesquisador
23,2020-04-05 12:35:10,179.182.187.197,s,pt,Citocinas,2,2,Sim,2,5,4,Sim,1,4,Mestrado,Biológicas,Designer
24,2020-04-05 19:14:29,186.232.121.93,s,pt,Febre Amarela,5,3,Sim,4,5,5,Sim,4,5,Mestrado,Biológicas,Designer
25,2020-04-06 18:46:49,189.26.34.92,s,pt,Reovírus Aviário,2,2,Sim,2,5,2,Sim,3,3,Doutorado,Exatas,Pesquisador
26,2020-04-06 20:09:00,187.65.221.21,s,pt,Reovírus Aviário,5,5,Não,5,5,5,Sim,5,5,Mestrado,Biológicas,Designer
27,2020-04-07 19:26:29,168.194.162.76,s,pt,Células Tronco,4,4,Sim,5,5,3,Sim,5,5,Doutorado,Biológicas,Pesquisador
28,2020-04-08 16:35:04,157.86.94.2,s,pt,Células Tronco,4,5,Sim,4,5,5,Sim,5,4,Graduação,Exatas,Designer
29,2020-04-20 20:20:01,177.11.63.3,s,pt,T. gondii,5,5,Sim,5,5,4,Sim,5,4,Doutorado,Biológicas,Pesquisador
30,2020-04-20 20:37:10,143.106.58.24,s,pt,Citocinas,2,1,Sim,2,5,2,Sim,2,3,Mestrado,Biológicas,Pesquisador
31,2020-04-20 20:38:21,189.6.237.84,s,pt,Citocinas,2,1,Sim,1,5,1,Não,2,1,Mestrado,Biológicas,Pesquisador
32,2020-04-20 20:39:32,186.215.41.40,s,pt,T. gondii,5,5,Não,4,5,4,Sim,5,5,Mestrado,Biológicas,Designer
33,2020-04-20 20:39:37,201.47.8.235,s,pt,Citocinas,2,2,Sim,3,5,2,Não,2,2,Mestrado,Biológicas,Pesquisador
34,2020-04-20 20:45:28,191.177.187.199,s,pt,Febre Amarela,1,1,Sim,1,5,1,Não,1,1,Mestrado,Biológicas,Pesquisador
35,2020-04-20 20:54:05,201.33.244.179,s,pt,Citocinas,3,3,Sim,3,5,5,Sim,2,4,Doutorado,Biológicas,Designer
36,2020-04-20 21:03:51,191.177.180.185,s,pt,Linfócitos,4,3,Sim,3,5,2,Não,2,1,Mestrado,Biológicas,Pesquisador
37,2020-04-20 21:05:11,191.181.57.160,s,pt,Linfócitos,5,5,Sim,4,4,1,Não,4,3,Doutorado,Biológicas,Pesquisador
38,2020-04-20 21:11:12,187.60.221.216,s,pt,Citocinas,5,4,Sim,4,5,4,Sim,5,5,Mestrado,Biológicas,Designer
39,2020-04-20 21:14:55,189.4.51.148,s,pt,Febre Amarela,2,3,Sim,4,5,3,Sim,3,3,Doutorado,Biológicas,Designer
40,2020-04-20 21:25:12,200.18.121.25,s,pt,Linfócitos,4,3,Não,3,5,5,Não,4,5,Doutorado,Biológicas,Designer
41,2020-04-20 21:34:12,201.86.10.186,s,pt,Reovírus Aviário,3,2,Sim,3,5,1,Não,3,1,Doutorado,Biológicas,Pesquisador
42,2020-04-20 23:47:08,191.177.92.160,s,pt,Reovírus Aviário,3,3,Sim,3,4,3,Sim,3,3,Mestrado,Biológicas,Designer
43,2020-04-20 23:47:27,177.156.170.224,s,pt,Reovírus Aviário,5,5,Não,5,5,5,Sim,5,5,Mestrado,Biológicas,Designer
44,2020-04-21 00:31:37,186.212.192.174,s,pt,Células Tronco,3,3,Não,3,5,4,Sim,4,4,Mestrado,Biológicas,Pesquisador
45,2020-04-21 00:37:44,152.249.215.43,s,pt,Células Tronco,4,3,Não,4,5,5,Sim,5,4,Graduação,Biológicas,Designer
46,2020-04-21 01:21:43,177.101.136.53,s,pt,T. gondii,3,4,Sim,4,5,3,Sim,4,5,Pós-Graduação,Biológicas,Pesquisador
47,2020-04-21 01:27:43,191.177.181.190,s,pt,Febre Amarela,5,3,Sim,4,5,2,Não,5,4,Graduação,Biológicas,Pesquisador
48,2020-04-21 06:47:39,168.194.160.124,s,pt,T. gondii,5,5,Sim,5,5,5,Sim,4,4,Mestrado,Biológicas,Designer
49,2020-04-21 10:17:57,177.132.92.186,s,pt,Febre Amarela,5,5,Sim,5,5,5,Sim,5,5,Mestrado,Biológicas,Designer
50,2020-04-21 12:21:50,179.219.192.4,s,pt,Linfócitos,4,5,Não,5,5,5,Não,5,5,Doutorado,Biológicas,Designer
51,2020-04-21 12:40:51,177.132.136.72,s,pt,Reovírus Aviário,3,2,Sim,3,5,2,Sim,4,4,Doutorado,Biológicas,Pesquisador
52,2020-04-21 14:47:40,187.112.156.167,s,pt,Células Tronco,2,2,Sim,1,5,1,Não,1,2,Pós-Graduação,Biológicas,Pesquisador
53,2020-04-21 15:56:53,179.253.231.20,s,pt,Células Tronco,5,4,Sim,4,5,5,Sim,5,3,Graduação,Exatas,Designer
54,2020-04-21 16:25:19,186.251.7.77,s,pt,T. gondii,5,5,Sim,5,5,5,Sim,5,5,Doutorado,Biológicas,Pesquisador
55,2020-04-21 16:37:31,201.23.144.149,s,pt,T. gondii,4,3,Sim,4,5,3,Não,4,2,Doutorado,Biológicas,Designer
56,2020-04-21 18:18:16,189.123.204.45,s,pt,Febre Amarela,3,3,Sim,3,4,4,Sim,3,2,Mestrado,Biológicas,Pesquisador
57,2020-04-21 19:59:29,191.48.35.33,s,pt,Citocinas,5,4,Sim,4,5,4,Sim,5,5,Mestrado,Biológicas,Designer
58,2020-04-22 00:08:44,186.213.107.191,s,pt,Linfócitos,4,3,Sim,3,5,3,Sim,2,3,Mestrado,Biológicas,Pesquisador
59,2020-04-22 12:47:31,189.120.76.204,s,pt,Febre Amarela,5,5,Sim,4,5,4,Sim,4,5,Mestrado,Biológicas,Designer
60,2020-04-22 13:17:43,189.40.70.213,s,pt,Linfócitos,5,5,Não,5,5,5,Sim,5,4,Mestrado,Biológicas,Designer
61,2020-04-22 13:21:35,189.40.70.213,s,pt,Reovírus Aviário,5,3,Sim,5,5,4,Sim,5,4,Mestrado,Biológicas,Pesquisador
62,2020-04-22 13:21:42,189.40.70.213,s,pt,Reovírus Aviário,5,3,Sim,5,5,4,Sim,5,4,Mestrado,Biológicas,Pesquisador
63,2020-04-22 13:23:54,189.40.70.213,s,pt,Reovírus Aviário,3,5,Sim,4,5,5,Sim,5,4,Mestrado,Biológicas,Designer
64,2020-04-22 13:27:15,189.40.70.213,s,pt,Células Tronco,2,2,Sim,3,3,2,Não,3,2,Mestrado,Biológicas,Pesquisador
65,2020-04-22 13:28:41,189.40.70.213,s,pt,Células Tronco,5,5,Não,4,5,5,Sim,5,4,Mestrado,Biológicas,Designer
66,2020-04-22 15:21:49,168.194.162.48,s,pt,T. gondii,5,4,Sim,3,4,2,Sim,3,1,Mestrado,Biológicas,Pesquisador
67,2020-04-22 17:29:16,138.204.26.213,s,pt,Citocinas,1,2,Sim,2,4,1,Sim,2,1,Doutorado,Biológicas,Pesquisador
68,2020-04-26 17:47:08,189.29.49.10,s,pt,T. gondii,2,3,Não,3,4,3,Não,3,3,Graduação,Biológicas,Designer
69,2020-04-28 19:39:27,186.206.20.122,s,pt,Febre Amarela,5,5,Sim,5,5,3,Não,5,3,Graduação,Biológicas,Pesquisador
70,2020-05-14 01:27:48,191.177.4.41,s,pt,Citocinas,1,1,Não,1,5,3,Não,2,3,Doutorado,Biológicas,Designer
71,2020-05-16 22:02:18,177.16.137.223,s,pt,Linfócitos,4,4,Sim,4,5,5,Sim,4,4,Doutorado,Exatas,Pesquisador
72,2020-05-28 22:38:19,179.181.72.166,s,pt,Febre Amarela,4,5,Sim,4,5,5,Sim,5,4,Graduação,Biológicas,Designer
73,2020-05-28 22:39:46,177.82.9.84,s,pt,Linfócitos,5,5,Sim,5,5,5,Sim,5,5,Doutorado,Biológicas,Designer
74,2020-05-28 22:40:29,168.181.49.140,s,pt,Linfócitos,5,4,Sim,4,5,4,Sim,2,4,Pós-Graduação,Biológicas,Designer
75,2020-05-28 22:42:17,191.177.187.217,s,pt,Reovírus Aviário,4,4,Não,4,5,4,Sim,5,5,Mestrado,Biológicas,Designer
76,2020-05-28 22:44:49,186.214.45.73,s,pt,Febre Amarela,4,5,Sim,4,5,5,Sim,4,5,Mestrado,Biológicas,Designer
77,2020-05-28 22:46:07,179.108.66.149,s,pt,Células Tronco,5,5,Sim,5,5,3,Sim,5,5,Mestrado,Biológicas,Pesquisador
78,2020-05-28 22:46:08,177.3.75.227,s,pt,Células Tronco,2,1,Sim,2,2,1,Não,3,1,Graduação,Exatas,Pesquisador
79,2020-05-28 22:46:53,177.42.22.42,s,pt,Reovírus Aviário,5,3,Não,3,5,5,Sim,4,4,Mestrado,Biológicas,Designer
80,2020-05-28 22:48:17,191.177.180.172,s,pt,Células Tronco,5,5,Sim,5,5,4,Não,5,5,Doutorado,Biológicas,Designer
81,2020-05-28 22:48:40,177.7.244.183,s,pt,Células Tronco,3,2,Sim,2,5,2,Não,4,4,Doutorado,Biológicas,Designer
82,2020-05-28 22:49:06,191.177.181.252,s,pt,Células Tronco,4,5,Sim,4,5,5,Não,5,5,Doutorado,Biológicas,Designer
83,2020-05-28 22:55:46,177.155.139.11,s,pt,T. gondii,4,4,Sim,4,5,2,Não,5,3,Mestrado,Biológicas,Pesquisador
84,2020-05-28 23:03:37,168.194.162.62,s,pt,Citocinas,2,1,Sim,2,4,2,Sim,2,1,Mestrado,Biológicas,Pesquisador
85,2020-05-28 23:07:31,177.152.89.50,s,pt,T. gondii,5,5,Sim,5,5,5,Sim,5,5,Doutorado,Biológicas,Designer
86,2020-05-28 23:09:01,186.214.211.40,s,pt,T. gondii,5,5,Não,5,5,5,Sim,5,5,Doutorado,Biológicas,Designer
87,2020-05-28 23:11:22,189.31.77.186,s,pt,Febre Amarela,5,5,Sim,5,5,5,Sim,5,5,Pós-Graduação,Humanas,Pesquisador
88,2020-05-28 23:18:37,191.177.181.244,s,pt,Linfócitos,2,2,Sim,1,4,2,Não,2,1,Doutorado,Exatas,Pesquisador
89,2020-05-28 23:21:53,177.220.172.60,s,pt,Citocinas,4,4,Sim,4,5,5,Sim,4,5,Mestrado,Biológicas,Designer
90,2020-05-28 23:23:06,167.249.73.154,s,pt,Citocinas,5,5,Sim,2,5,4,Sim,4,3,Mestrado,Biológicas,Designer
91,2020-05-28 23:23:56,191.250.112.50,s,pt,Linfócitos,5,4,Sim,4,5,5,Sim,4,5,Pós-Graduação,Humanas,Pesquisador
92,2020-05-28 23:24:42,177.16.173.78,s,pt,Linfócitos,5,5,Não,4,5,3,Não,4,3,Doutorado,Biológicas,Pesquisador
93,2020-05-28 23:24:59,191.5.113.78,s,pt,Citocinas,1,1,Sim,1,5,1,Não,1,1,Graduação,Exatas,Designer
94,2020-05-28 23:25:28,201.75.40.52,s,pt,Citocinas,2,2,Sim,3,5,2,Sim,1,2,Mestrado,Humanas,Designer
95,2020-05-28 23:29:11,168.194.163.107,s,pt,Reovírus Aviário,4,2,Sim,5,5,2,Sim,4,3,Graduação,Biológicas,Pesquisador
96,2020-05-28 23:31:55,177.17.154.128,s,pt,Reovírus Aviário,3,2,Sim,3,5,3,Sim,4,2,Mestrado,Biológicas,Pesquisador
97,2020-05-28 23:32:03,177.17.154.128,s,pt,Reovírus Aviário,3,2,Sim,3,5,3,Sim,4,2,Mestrado,Biológicas,Pesquisador
98,2020-05-28 23:42:59,168.194.162.187,s,pt,Citocinas,3,3,Sim,1,5,1,Não,2,1,Doutorado,Biológicas,Pesquisador
99,2020-05-28 23:48:59,191.32.75.164,s,pt,Febre Amarela,2,3,Sim,1,2,1,Não,1,1,Doutorado,Biológicas,Pesquisador
100,2020-05-28 23:52:07,177.156.78.5,s,pt,T. gondii,5,4,Sim,4,5,4,Sim,4,4,Mestrado,Biológicas,Pesquisador
101,2020-05-28 23:52:38,168.181.48.38,s,pt,Febre Amarela,4,5,Sim,4,5,3,Sim,5,4,Pós-Graduação,Humanas,Pesquisador
102,2020-05-28 23:59:11,143.0.211.246,s,pt,Febre Amarela,4,4,Sim,3,4,5,Sim,3,2,Pós-Graduação,Biológicas,Designer
103,2020-05-29 00:26:44,177.125.23.232,s,pt,Linfócitos,5,5,Não,5,5,4,Sim,4,5,Graduação,Exatas,Designer
104,2020-05-29 00:29:55,191.177.181.89,s,pt,Linfócitos,5,5,Não,5,5,5,Sim,5,5,Pós-Graduação,Humanas,Designer
105,2020-05-29 01:02:57,168.121.229.108,s,pt,Reovírus Aviário,5,5,Não,5,5,5,Sim,4,5,Pós-Graduação,Biológicas,Designer
106,2020-05-29 01:19:34,200.9.31.225,s,pt,Células Tronco,4,4,Sim,4,5,4,Sim,4,4,Pós-Graduação,Exatas,Pesquisador
107,2020-05-29 01:54:37,179.211.0.78,s,pt,T. gondii,5,5,Sim,5,5,5,Sim,5,5,Pós-Graduação,Biológicas,Pesquisador
108,2020-05-29 12:12:42,191.176.161.228,s,pt,Citocinas,2,1,Sim,2,5,2,Sim,2,1,Doutorado,Humanas,Pesquisador
109,2020-05-29 12:23:36,191.177.186.57,s,pt,T. gondii,4,4,Sim,4,5,4,Sim,4,4,Pós-Graduação,Exatas,Designer
110,2020-05-29 12:49:10,187.19.198.234,s,pt,Febre Amarela,5,5,Sim,5,5,5,Sim,5,4,Pós-Graduação,Biológicas,Designer
111,2020-05-29 12:54:44,189.123.222.191,s,pt,Reovírus Aviário,5,5,Não,5,5,5,Não,5,5,Pós-Graduação,Exatas,Designer
112,2020-05-29 14:18:17,45.4.50.243,s,pt,Células Tronco,3,4,Sim,3,4,3,Sim,4,3,Pós-Graduação,Humanas,Pesquisador
113,2020-05-29 14:45:52,177.183.185.18,s,pt,Células Tronco,5,5,Sim,5,5,5,Sim,5,5,Doutorado,Biológicas,Designer
114,2020-05-29 14:47:10,186.249.222.1,s,pt,Células Tronco,4,3,Não,5,5,4,Não,5,4,Doutorado,Biológicas,Designer
115,2020-05-29 14:49:48,201.21.33.60,s,pt,T. gondii,3,2,Sim,4,5,3,Sim,4,3,Pós-Graduação,Biológicas,Pesquisador
116,2020-05-29 14:52:13,179.176.220.64,s,pt,T. gondii,3,2,Sim,2,5,2,Não,3,1,Graduação,Biológicas,Pesquisador
117,2020-05-29 16:29:46,191.177.181.62,s,pt,Citocinas,1,2,Sim,1,1,1,Não,1,1,Doutorado,Exatas,Pesquisador
118,2020-05-29 16:37:12,200.146.12.59,s,pt,Febre Amarela,4,4,Sim,5,5,3,Sim,4,4,Doutorado,Biológicas,Pesquisador
119,2020-05-29 16:57:16,191.177.181.250,s,pt,T. gondii,5,5,Não,4,5,5,Sim,5,4,Mestrado,Exatas,Designer
120,2020-05-29 17:50:24,189.72.183.161,s,pt,Linfócitos,1,1,Sim,2,4,2,Sim,2,1,Pós-Graduação,Biológicas,Pesquisador
121,2020-05-29 18:03:22,189.4.41.119,s,pt,Febre Amarela,4,4,Não,4,5,4,Sim,3,5,Doutorado,Biológicas,Designer
122,2020-05-29 18:05:30,186.214.211.40,s,pt,T. gondii,5,5,Não,5,5,5,Sim,5,5,Doutorado,Biológicas,Designer
123,2020-05-29 18:18:08,189.32.44.32,s,pt,Linfócitos,5,5,Não,5,5,5,Sim,5,5,Doutorado,Biológicas,Designer
124,2020-05-29 18:33:43,168.181.50.143,s,pt,Reovírus Aviário,5,4,Não,4,4,5,Sim,5,5,Mestrado,Humanas,Pesquisador
125,2020-05-29 18:44:57,189.1.153.116,s,pt,Reovírus Aviário,5,5,Sim,5,5,5,Sim,4,5,Doutorado,Biológicas,Designer
126,2020-05-29 20:56:06,191.177.183.171,s,pt,Citocinas,3,3,Sim,2,3,2,Não,3,3,Mestrado,Biológicas,Pesquisador
127,2020-05-29 20:57:42,200.17.192.77,s,pt,Citocinas,5,4,Sim,4,4,3,Sim,4,4,Doutorado,Biológicas,Pesquisador
128,2020-05-29 21:05:08,168.181.49.17,s,pt,Células Tronco,3,3,Sim,4,5,4,Sim,4,2,Pós-Graduação,Humanas,Pesquisador
129,2020-05-29 21:50:12,189.94.103.90,s,pt,Febre Amarela,4,5,Sim,4,5,5,Sim,4,4,Mestrado,Humanas,Pesquisador
130,2020-05-30 00:51:06,189.4.41.119,s,pt,Febre Amarela,4,4,Não,4,5,4,Sim,3,5,Doutorado,Biológicas,Designer
131,2020-05-30 13:06:53,168.205.101.20,s,pt,Linfócitos,4,4,Sim,4,5,3,Sim,3,5,Doutorado,Humanas,Pesquisador
132,2020-05-30 14:27:36,187.84.165.68,s,pt,Citocinas,4,4,Sim,4,5,5,Sim,4,5,Pós-Graduação,Biológicas,Designer
133,2020-05-30 16:45:32,189.4.31.13,s,pt,Linfócitos,5,5,Sim,5,5,5,Sim,5,5,Doutorado,Exatas,Designer
134,2020-05-30 22:35:47,168.197.13.145,s,pt,Reovírus Aviário,4,4,Sim,5,5,5,Sim,4,5,Pós-Graduação,Biológicas,Pesquisador
135,2020-06-01 17:41:33,187.60.221.204,s,pt,Reovírus Aviário,5,5,Sim,4,5,5,Sim,4,5,Pós-Graduação,Humanas,Designer
136,2020-06-01 21:42:27,181.221.191.152,s,pt,Células Tronco,4,4,Sim,3,4,4,Sim,4,3,Mestrado,Biológicas,Pesquisador
137,2020-06-02 14:15:26,177.220.172.111,s,pt,Células Tronco,5,5,Sim,5,5,5,Sim,5,5,Doutorado,Biológicas,Designer
138,2020-06-02 15:58:44,177.203.191.147,s,pt,T. gondii,5,5,Não,5,5,5,Sim,5,5,Pós-Graduação,Humanas,Pesquisador
139,2020-06-03 00:08:16,168.181.49.148,s,pt,T. gondii,5,5,Sim,4,5,5,Sim,3,4,Mestrado,Exatas,Designer
140,2020-06-03 15:05:54,157.86.114.205,s,pt,Febre Amarela,3,2,Sim,2,5,2,Sim,3,5,Doutorado,Biológicas,Pesquisador
141,2020-06-03 23:32:33,45.232.214.82,s,pt,Citocinas,5,5,Não,5,5,5,Sim,5,5,Pós-Graduação,Humanas,Designer
142,2020-06-04 15:31:36,157.86.94.3,s,pt,Linfócitos,4,3,Sim,4,5,3,Sim,4,4,Doutorado,Biológicas,Pesquisador
143,2020-06-04 15:55:24,177.25.175.213,s,pt,Febre Amarela,4,4,Sim,3,5,3,Sim,3,4,Doutorado,Biológicas,Designer
144,2020-06-04 16:05:23,177.25.160.157,s,pt,Linfócitos,5,5,Sim,4,5,5,Sim,5,5,Doutorado,Biológicas,Designer
145,2020-06-04 16:06:32,83.185.33.157,s,pt,Linfócitos,5,4,Não,5,5,5,Sim,5,4,Doutorado,Biológicas,Designer
146,2020-06-04 16:08:01,191.177.213.234,s,pt,Reovírus Aviário,5,2,Sim,1,5,2,Sim,3,2,Graduação,Biológicas,Pesquisador
147,2020-06-04 16:10:15,201.71.254.69,s,pt,Linfócitos,5,4,Não,4,5,5,Sim,3,5,Doutorado,Biológicas,Designer
148,2020-06-04 16:10:52,186.206.255.209,s,pt,Reovírus Aviário,4,5,Sim,3,5,4,Sim,4,5,Doutorado,Biológicas,Pesquisador
149,2020-06-04 16:11:44,186.222.5.88,s,pt,Linfócitos,4,3,Sim,4,5,4,Sim,2,4,Doutorado,Biológicas,Designer
150,2020-06-04 16:30:50,187.104.221.66,s,pt,Reovírus Aviário,5,4,Sim,5,5,4,Sim,5,5,Mestrado,Biológicas,Designer
151,2020-06-04 16:39:26,191.179.162.100,s,pt,Reovírus Aviário,5,5,Sim,4,5,5,Sim,4,5,Doutorado,Biológicas,Designer
152,2020-06-04 16:41:09,189.5.179.97,s,pt,Células Tronco,4,4,Sim,4,5,3,Sim,4,5,Doutorado,Biológicas,Pesquisador
153,2020-06-04 16:55:54,179.181.181.180,s,pt,Células Tronco,4,4,Sim,5,5,5,Sim,5,5,Doutorado,Biológicas,Designer
154,2020-06-04 17:04:16,201.94.237.197,s,pt,Células Tronco,5,4,Sim,4,5,5,Sim,5,4,Doutorado,Biológicas,Designer
155,2020-06-04 17:12:17,201.17.251.12,s,pt,T. gondii,4,4,Sim,3,5,4,Sim,4,5,Doutorado,Biológicas,Pesquisador
156,2020-06-04 17:16:43,201.17.102.42,s,pt,Citocinas,2,1,Sim,1,5,1,Sim,1,2,Mestrado,Biológicas,Pesquisador
157,2020-06-04 17:24:01,191.191.40.139,s,pt,T. gondii,3,3,Sim,4,5,5,Sim,4,4,Doutorado,Biológicas,Designer
158,2020-06-04 17:38:30,189.6.16.109,s,pt,Febre Amarela,4,5,Sim,3,5,2,Sim,4,4,Doutorado,Biológicas,Pesquisador
159,2020-06-04 17:47:28,177.82.35.39,s,pt,Citocinas,4,4,Sim,4,5,4,Sim,5,5,Graduação,Biológicas,Designer
160,2020-06-04 17:47:56,189.4.77.216,s,pt,Citocinas,1,3,Sim,1,3,5,Sim,3,1,Doutorado,Exatas,Designer
161,2020-06-04 17:52:37,189.40.70.186,s,pt,Citocinas,3,3,Não,4,5,5,Sim,4,4,Pós-Graduação,Biológicas,Designer
162,2020-06-04 18:04:25,179.157.0.205,s,pt,Linfócitos,5,3,Sim,3,5,3,Sim,4,4,Doutorado,Biológicas,Pesquisador
163,2020-06-04 18:04:46,201.17.103.204,s,pt,Linfócitos,3,3,Sim,3,5,4,Sim,1,2,Doutorado,Biológicas,Pesquisador
164,2020-06-04 18:11:00,187.13.145.181,s,pt,Febre Amarela,3,4,Não,5,5,3,Sim,4,5,Mestrado,Biológicas,Designer
165,2020-06-04 18:11:07,201.17.93.53,s,pt,Febre Amarela,4,5,Sim,4,5,4,Sim,4,5,Mestrado,Biológicas,Designer
166,2020-06-04 18:13:54,201.17.93.247,s,pt,Células Tronco,5,3,Sim,5,5,5,Não,5,3,Graduação,Biológicas,Pesquisador
167,2020-06-04 18:18:19,187.39.246.18,s,pt,T. gondii,4,3,Não,4,5,5,Sim,5,5,Doutorado,Biológicas,Pesquisador
168,2020-06-04 18:20:38,179.242.12.15,s,pt,T. gondii,4,5,Sim,3,5,3,Sim,4,3,Mestrado,Biológicas,Pesquisador
169,2020-06-04 18:25:10,177.136.136.245,s,pt,Citocinas,2,2,Sim,1,5,2,Sim,2,3,Mestrado,Biológicas,Pesquisador
170,2020-06-04 18:39:15,177.132.78.128,s,pt,Febre Amarela,5,5,Sim,5,5,4,Não,4,5,Mestrado,Biológicas,Pesquisador
171,2020-06-04 18:40:36,177.157.103.203,s,pt,Febre Amarela,5,4,Não,4,5,2,Sim,4,4,Pós-Graduação,Biológicas,Pesquisador
172,2020-06-04 19:04:52,179.66.82.210,s,pt,T. gondii,5,5,Sim,5,5,5,Sim,5,5,Graduação,Biológicas,Designer
173,2020-06-04 19:22:34,191.31.2.164,s,pt,Reovírus Aviário,3,3,Sim,3,3,3,Não,3,3,Doutorado,Exatas,Pesquisador
174,2020-06-04 19:25:17,189.40.83.71,s,pt,Reovírus Aviário,2,2,Sim,3,5,1,Sim,3,1,Doutorado,Biológicas,Pesquisador
175,2020-06-04 19:39:55,177.156.91.192,s,pt,Reovírus Aviário,5,4,Sim,4,5,5,Sim,5,5,Graduação,Biológicas,Designer
176,2020-06-04 19:47:58,187.60.33.235,s,pt,Células Tronco,2,3,Sim,3,5,4,Sim,5,5,Graduação,Exatas,Pesquisador
177,2020-06-04 20:23:34,186.221.201.63,s,pt,Células Tronco,5,5,Sim,5,5,5,Sim,5,5,Doutorado,Biológicas,Designer
178,2020-06-04 20:25:19,179.107.140.41,s,pt,Células Tronco,3,2,Sim,2,3,2,Não,2,3,Doutorado,Biológicas,Designer
179,2020-06-04 20:30:19,189.82.151.211,s,pt,Células Tronco,5,4,Sim,2,4,4,Sim,5,4,Graduação,Exatas,Designer
180,2020-06-04 20:41:14,177.180.6.17,s,pt,Citocinas,5,4,Não,4,5,3,Sim,4,3,Graduação,Exatas,Pesquisador
181,2020-06-04 21:02:31,201.17.72.120,s,pt,T. gondii,3,2,Sim,3,5,2,Sim,3,2,Graduação,Biológicas,Designer
182,2020-06-04 22:12:05,191.189.12.104,s,pt,Linfócitos,3,2,Sim,2,2,2,Não,1,1,Mestrado,Biológicas,Pesquisador
183,2020-06-04 22:22:02,177.204.83.145,s,pt,Febre Amarela,5,5,Sim,4,5,4,Não,5,4,Graduação,Biológicas,Designer
184,2020-06-05 02:28:34,177.79.127.10,s,pt,Reovírus Aviário,5,4,Sim,5,5,5,Sim,5,5,Doutorado,Biológicas,Designer
185,2020-06-05 11:37:09,179.106.61.184,s,pt,Células Tronco,5,5,Sim,3,5,3,Sim,3,4,Doutorado,Biológicas,Pesquisador
186,2020-06-05 11:51:41,186.221.201.63,s,pt,Células Tronco,5,5,Sim,5,5,5,Sim,5,5,Doutorado,Biológicas,Designer
187,2020-06-05 15:58:53,191.189.22.127,s,pt,T. gondii,3,3,Sim,4,5,4,Sim,5,5,Mestrado,Biológicas,Pesquisador
188,2020-06-05 18:07:14,45.231.121.130,s,pt,Citocinas,2,2,Sim,2,5,1,Sim,2,1,Graduação,Biológicas,Pesquisador
189,2020-06-05 18:51:48,179.252.60.71,s,pt,T. gondii,5,5,Sim,4,5,5,Sim,5,4,Pós-Graduação,Exatas,Designer
190,2020-06-05 20:25:04,191.189.22.127,s,pt,T. gondii,3,3,Sim,4,5,4,Sim,5,5,Mestrado,Biológicas,Pesquisador
191,2020-06-05 22:09:33,179.197.127.190,s,pt,Febre Amarela,4,4,Sim,2,5,2,Não,2,3,Doutorado,Humanas,Pesquisador
192,2020-06-06 03:49:21,191.189.22.127,s,pt,Citocinas,3,3,Sim,3,5,3,Sim,2,2,Graduação,Exatas,Designer
193,2020-06-06 19:01:03,179.217.138.115,s,pt,Linfócitos,5,3,Sim,3,5,4,Sim,3,4,Doutorado,Biológicas,Pesquisador
194,2020-06-06 22:59:32,189.101.110.21,s,pt,Febre Amarela,5,5,Não,5,5,5,Sim,5,5,Mestrado,Humanas,Designer
195,2020-06-06 23:00:45,189.101.110.21,s,pt,Linfócitos,5,5,Não,5,5,5,Sim,5,5,Doutorado,Exatas,Designer
196,2020-06-06 23:01:29,189.101.110.21,s,pt,Linfócitos,5,5,Não,5,5,5,Sim,5,5,Doutorado,Exatas,Designer
197,2020-06-06 23:01:35,189.101.110.21,s,pt,Linfócitos,5,5,Não,5,5,5,Sim,5,5,Doutorado,Exatas,Designer
198,2020-06-06 23:03:07,177.202.74.86,s,pt,Reovírus Aviário,1,1,Sim,1,1,1,Não,1,1,Mestrado,Biológicas,Pesquisador
199,2020-06-06 23:04:19,177.202.74.86,s,pt,Reovírus Aviário,5,5,Não,5,5,5,Sim,5,5,Doutorado,Biológicas,Designer
200,2020-06-06 23:10:00,189.101.110.21,s,pt,Células Tronco,1,1,Sim,1,1,1,Não,1,1,Mestrado,Biológicas,Pesquisador
201,2020-06-07 00:25:50,191.177.181.252,s,pt,Citocinas,1,1,Sim,1,5,1,Sim,1,1,Doutorado,Biológicas,Pesquisador
202,2020-06-07 03:34:54,179.158.11.127,s,pt,T. gondii,4,4,Sim,5,5,5,Sim,5,5,Mestrado,Exatas,Designer
203,2020-06-07 13:40:45,179.210.148.139,s,pt,Febre Amarela,3,2,Sim,3,5,3,Não,3,3,Mestrado,Humanas,Pesquisador
204,2020-06-07 14:37:12,179.253.122.247,s,pt,Citocinas,5,5,Não,5,5,5,Sim,5,5,Mestrado,Biológicas,Designer
205,2020-06-07 16:47:01,179.157.134.97,s,pt,Linfócitos,5,4,Sim,2,5,3,Sim,1,1,Mestrado,Biológicas,Pesquisador
206,2020-06-08 01:11:03,191.245.76.102,s,pt,Febre Amarela,4,4,Sim,5,5,4,Sim,5,5,Pós-Graduação,Exatas,Designer
207,2020-06-08 11:09:29,143.107.24.222,s,pt,Reovírus Aviário,3,2,Sim,3,5,3,Não,3,2,Doutorado,Biológicas,Pesquisador
208,2020-06-08 11:10:29,189.94.132.45,s,pt,Reovírus Aviário,3,2,Sim,3,5,1,Sim,4,2,Doutorado,Biológicas,Pesquisador
209,2020-06-08 11:13:47,200.189.118.30,s,pt,Reovírus Aviário,5,5,Não,5,5,5,Sim,5,5,Pós-Graduação,Humanas,Designer
210,2020-06-08 11:38:04,157.86.94.2,s,pt,Células Tronco,1,1,Sim,1,1,1,Não,1,1,Doutorado,Biológicas,Pesquisador
211,2020-06-08 11:38:09,157.86.94.2,s,pt,Células Tronco,1,1,Sim,1,1,1,Não,1,1,Doutorado,Biológicas,Pesquisador
212,2020-06-08 11:38:13,157.86.94.2,s,pt,Células Tronco,1,1,Sim,1,1,1,Não,1,1,Doutorado,Biológicas,Pesquisador
213,2020-06-08 11:38:15,157.86.94.2,s,pt,Células Tronco,1,1,Sim,1,1,1,Não,1,1,Doutorado,Biológicas,Pesquisador
214,2020-06-08 12:26:22,201.23.141.123,s,pt,T. gondii,2,2,Sim,3,5,2,Não,2,1,Doutorado,Biológicas,Pesquisador
215,2020-06-08 18:27:34,189.26.71.238,s,pt,Citocinas,4,3,Sim,4,5,4,Não,1,1,Mestrado,Biológicas,Pesquisador
216,2020-06-08 18:37:42,191.177.181.193,s,pt,T. gondii,5,5,Sim,3,5,5,Sim,3,5,Doutorado,Biológicas,Designer
217,2020-06-09 01:13:58,189.6.238.120,s,pt,Citocinas,1,1,Sim,1,5,1,Não,1,1,Doutorado,Biológicas,Pesquisador
218,2020-06-09 01:40:42,189.81.82.133,s,pt,Febre Amarela,4,2,Sim,4,5,4,Sim,4,5,Mestrado,Exatas,Pesquisador
219,2020-06-09 16:36:12,189.34.32.209,s,pt,Citocinas,2,1,Sim,2,5,3,Não,2,2,Pós-Graduação,Biológicas,Designer
220,2020-06-09 18:59:20,191.177.181.62,s,pt,Linfócitos,4,4,Sim,2,5,3,Sim,2,5,Doutorado,Exatas,Pesquisador
221,2020-06-09 21:04:37,187.55.80.230,s,pt,Febre Amarela,5,4,Sim,4,5,4,Não,4,4,Mestrado,Biológicas,Designer
222,2020-06-10 12:51:50,157.86.94.2,s,pt,Reovírus Aviário,4,4,Não,3,5,5,Sim,4,3,Doutorado,Biológicas,Designer
223,2020-06-10 12:52:05,201.9.41.25,s,pt,Reovírus Aviário,5,5,Sim,5,5,5,Sim,5,4,Pós-Graduação,Humanas,Designer
224,2020-06-10 13:01:09,191.177.181.252,s,pt,Células Tronco,3,3,Sim,3,5,5,Sim,5,5,Doutorado,Biológicas,Designer
225,2020-06-10 13:36:45,189.6.23.70,s,pt,T. gondii,3,3,Sim,3,4,4,Sim,4,4,Doutorado,Humanas,Pesquisador
226,2020-06-10 13:56:47,200.133.26.1,s,pt,T. gondii,3,3,Sim,3,5,3,Sim,2,3,Mestrado,Humanas,Designer
227,2020-06-10 14:05:51,157.86.156.2,s,pt,Febre Amarela,5,4,Sim,4,5,3,Sim,5,3,Mestrado,Biológicas,Pesquisador
228,2020-06-10 14:14:04,191.248.208.242,s,pt,Citocinas,2,2,Sim,3,5,3,Sim,2,2,Pós-Graduação,Humanas,Designer
229,2020-06-10 14:36:24,191.248.208.242,s,pt,Linfócitos,2,2,Sim,2,5,3,Não,2,1,Graduação,Humanas,Pesquisador
230,2020-06-10 14:55:26,201.17.107.86,s,pt,Febre Amarela,5,5,Sim,4,4,5,Sim,5,4,Doutorado,Humanas,Designer
231,2020-06-10 20:59:52,189.122.127.220,s,pt,Linfócitos,4,5,Sim,5,5,5,Sim,5,5,Doutorado,Biológicas,Designer
232,2020-06-11 13:11:15,179.176.132.160,s,pt,Reovírus Aviário,4,4,Não,4,5,4,Sim,5,4,Pós-Graduação,Humanas,Pesquisador
233,2020-06-12 13:58:00,157.86.3.57,s,pt,Células Tronco,5,3,Sim,4,5,5,Sim,5,5,Mestrado,Exatas,Designer
234,2020-06-15 01:13:57,191.32.78.169,s,pt,T. gondii,5,4,Sim,4,5,3,Sim,5,4,Mestrado,Biológicas,Pesquisador
235,2020-06-17 18:19:44,170.245.111.26,s,pt,Citocinas,3,2,Sim,2,5,1,Não,1,1,Mestrado,Biológicas,Pesquisador
236,2020-06-18 15:19:34,157.86.92.27,s,pt,T. gondii,5,5,Sim,4,5,5,Sim,4,4,Doutorado,Biológicas,Designer
237,2020-06-18 19:49:17,200.146.4.202,s,pt,Febre Amarela,4,4,Não,4,5,4,Sim,4,4,Doutorado,Biológicas,Pesquisador
238,2020-06-18 21:50:50,189.101.110.21,s,pt,Citocinas,5,5,Sim,5,5,5,Sim,5,5,Mestrado,Exatas,Designer
239,2020-06-18 23:20:27,187.99.252.115,s,pt,Linfócitos,3,3,Sim,3,5,5,Não,3,1,Doutorado,Humanas,Pesquisador
240,2020-06-19 02:57:04,191.177.186.219,s,pt,Febre Amarela,5,5,Sim,1,5,5,Sim,3,3,Doutorado,Exatas,Designer
241,2020-06-19 16:04:06,138.0.18.236,s,pt,Linfócitos,4,5,Sim,4,5,5,Sim,3,3,Doutorado,Biológicas,Designer
242,2020-06-20 15:59:07,201.78.46.79,s,pt,Reovírus Aviário,4,3,Não,5,5,4,Não,4,4,Mestrado,Exatas,Pesquisador
243,2020-06-23 02:04:08,186.205.23.229,s,pt,Reovírus Aviário,5,5,Sim,5,5,5,Não,5,5,Mestrado,Biológicas,Designer
244,2020-06-24 11:21:58,186.221.201.63,s,pt,Células Tronco,5,5,Sim,5,5,5,Sim,5,5,Doutorado,Biológicas,Designer
245,2020-06-24 22:01:08,168.181.49.193,s,pt,T. gondii,4,4,Não,5,5,5,Sim,4,3,Mestrado,Humanas,Pesquisador
246,2020-09-09 16:43:39,191.190.226.134,s,pt,Citocinas,2,1,Sim,1,5,1,Não,2,3,Doutorado,Biológicas,Pesquisador
247,2020-09-09 17:52:58,179.181.253.128,s,pt,T. gondii,4,5,Sim,5,5,4,Sim,4,4,Mestrado,Biológicas,Designer
248,2020-09-09 18:15:18,179.248.71.54,s,pt,Febre Amarela,5,5,Não,5,5,4,Sim,5,3,Mestrado,Humanas,Pesquisador
249,2020-09-09 18:20:26,89.3.222.221,s,pt,Citocinas,4,4,Sim,4,4,4,Sim,4,4,Mestrado,Biológicas,Designer
250,2020-09-09 18:30:44,179.218.162.178,s,pt,Linfócitos,4,4,Não,4,4,3,Sim,5,4,Mestrado,Biológicas,Pesquisador
251,2020-09-09 18:34:13,201.17.158.146,s,pt,Febre Amarela,5,4,Não,5,5,5,Sim,5,5,Mestrado,Biológicas,Designer
252,2020-09-09 18:46:10,201.17.77.166,s,pt,Linfócitos,5,5,Não,5,5,5,Sim,5,5,Mestrado,Humanas,Designer
253,2020-09-09 18:56:43,179.178.84.209,s,pt,Reovírus Aviário,3,2,Sim,3,5,1,Não,2,2,Graduação,Biológicas,Pesquisador
254,2020-09-09 18:57:18,179.214.146.172,s,pt,Reovírus Aviário,4,5,Não,5,5,3,Sim,5,4,Doutorado,Exatas,Pesquisador
255,2020-09-09 19:00:20,186.206.254.125,s,pt,Linfócitos,2,2,Sim,2,5,2,Não,3,2,Mestrado,Biológicas,Pesquisador
256,2020-09-09 19:02:22,157.86.156.2,s,pt,Reovírus Aviário,5,5,Não,5,5,5,Não,5,4,Mestrado,Biológicas,Designer
257,2020-09-09 19:23:34,191.5.80.97,s,pt,Células Tronco,3,2,Sim,3,3,2,Não,2,2,Mestrado,Biológicas,Pesquisador
258,2020-09-09 19:40:58,177.59.24.197,s,pt,Células Tronco,4,3,Sim,2,5,2,Não,3,3,Doutorado,Biológicas,Designer
259,2020-09-09 19:48:55,201.80.168.246,s,pt,Células Tronco,4,5,Sim,3,5,4,Sim,4,5,Mestrado,Biológicas,Designer
260,2020-09-09 19:50:25,187.114.102.7,s,pt,T. gondii,4,3,Sim,4,5,3,Não,4,4,Pós-Graduação,Exatas,Pesquisador
261,2020-09-09 20:04:07,138.59.121.251,s,pt,Citocinas,4,4,Sim,4,5,3,Sim,4,5,Doutorado,Biológicas,Pesquisador
262,2020-09-09 20:04:11,138.59.121.251,s,pt,Citocinas,4,4,Sim,4,5,3,Sim,4,5,Doutorado,Biológicas,Pesquisador
263,2020-09-09 20:11:57,201.17.97.68,s,pt,T. gondii,4,4,Sim,3,5,4,Não,4,4,Doutorado,Biológicas,Designer
264,2020-09-09 20:16:14,187.44.183.82,s,pt,Febre Amarela,4,4,Sim,4,5,3,Sim,5,2,Doutorado,Biológicas,Pesquisador
265,2020-09-09 20:16:33,187.114.161.90,s,pt,Febre Amarela,4,3,Sim,5,2,3,Sim,3,3,Mestrado,Biológicas,Pesquisador
266,2020-09-09 20:18:46,179.218.224.2,s,pt,T. gondii,4,4,Não,5,5,5,Sim,4,5,Doutorado,Exatas,Designer
267,2020-09-09 20:25:12,177.136.32.194,s,pt,Citocinas,5,4,Sim,4,4,4,Sim,5,4,Doutorado,Biológicas,Designer
268,2020-09-09 20:28:58,186.240.160.36,s,pt,Citocinas,4,4,Não,4,5,5,Sim,5,5,Mestrado,Biológicas,Designer
269,2020-09-09 20:31:56,191.190.231.188,s,pt,Febre Amarela,4,5,Não,4,5,4,Sim,4,5,Mestrado,Biológicas,Designer
270,2020-09-09 20:33:02,186.207.174.110,s,pt,Febre Amarela,4,4,Sim,4,5,5,Sim,4,4,Graduação,Biológicas,Designer
271,2020-09-09 20:42:13,177.82.207.216,s,pt,Linfócitos,5,5,Sim,5,5,5,Sim,4,4,Mestrado,Biológicas,Designer
272,2020-09-09 20:47:58,177.79.116.7,s,pt,Reovírus Aviário,3,4,Sim,2,4,3,Sim,3,3,Pós-Graduação,Biológicas,Designer
273,2020-09-09 20:53:52,187.113.64.224,s,pt,Células Tronco,5,5,Não,5,5,5,Sim,5,4,Doutorado,Humanas,Pesquisador
274,2020-09-09 20:59:10,177.177.183.73,s,pt,Linfócitos,5,5,Sim,4,5,4,Sim,5,4,Pós-Graduação,Biológicas,Pesquisador
275,2020-09-09 21:10:12,177.195.76.88,s,pt,T. gondii,5,5,Sim,4,5,5,Sim,3,4,Doutorado,Biológicas,Pesquisador
276,2020-09-09 21:22:24,177.79.112.11,s,pt,Linfócitos,5,3,Sim,4,5,5,Não,5,4,Pós-Graduação,Biológicas,Designer
277,2020-09-09 21:46:20,170.254.121.104,s,pt,Reovírus Aviário,5,4,Sim,3,4,3,Sim,5,5,Doutorado,Biológicas,Pesquisador
278,2020-09-09 22:03:13,94.132.26.3,s,pt,Reovírus Aviário,3,4,Sim,3,4,4,Sim,4,5,Doutorado,Exatas,Designer
279,2020-09-09 22:07:02,189.49.75.200,s,pt,Reovírus Aviário,2,2,Sim,2,2,1,Sim,1,1,Doutorado,Biológicas,Designer
280,2020-09-09 22:14:04,179.106.69.149,s,pt,Células Tronco,4,3,Sim,3,5,2,Sim,4,2,Mestrado,Humanas,Pesquisador
281,2020-09-09 22:19:08,179.158.185.32,s,pt,Células Tronco,5,4,Sim,3,5,5,Sim,4,4,Mestrado,Biológicas,Pesquisador
282,2020-09-09 22:19:16,179.158.185.32,s,pt,Células Tronco,5,4,Sim,3,5,5,Sim,4,4,Mestrado,Biológicas,Designer
283,2020-09-09 22:40:13,201.80.21.175,s,pt,T. gondii,3,3,Sim,4,4,2,Sim,2,5,Pós-Graduação,Biológicas,Pesquisador
284,2020-09-09 22:40:16,179.67.135.191,s,pt,T. gondii,5,4,Sim,4,5,4,Não,5,4,Mestrado,Biológicas,Pesquisador
285,2020-09-09 22:44:34,187.114.160.182,s,pt,T. gondii,5,3,Sim,4,5,4,Não,5,2,Mestrado,Biológicas,Pesquisador
286,2020-09-10 00:11:39,143.0.164.4,s,pt,Citocinas,3,3,Sim,1,5,1,Não,1,1,Mestrado,Biológicas,Pesquisador
287,2020-09-10 01:30:48,187.46.87.38,s,pt,T. gondii,5,5,Não,5,5,5,Sim,5,5,Graduação,Exatas,Designer
288,2020-09-10 02:07:25,187.46.87.38,s,pt,T. gondii,5,5,Não,5,5,5,Sim,5,5,Graduação,Exatas,Designer
289,2020-09-10 02:48:00,177.136.34.86,s,pt,Febre Amarela,5,4,Sim,5,5,5,Sim,4,5,Mestrado,Biológicas,Pesquisador
290,2020-09-10 02:50:20,187.95.33.62,s,pt,Citocinas,1,2,Sim,1,1,5,Sim,2,3,Pós-Graduação,Biológicas,Designer
291,2020-09-10 10:16:20,177.50.224.139,s,pt,Linfócitos,3,2,Sim,2,1,1,Não,1,1,Doutorado,Biológicas,Pesquisador
292,2020-09-10 11:03:33,191.185.175.207,s,pt,Febre Amarela,5,5,Não,5,5,5,Sim,5,5,Pós-Graduação,Biológicas,Designer
293,2020-09-10 11:08:33,187.20.89.121,s,pt,Linfócitos,5,5,Não,5,5,5,Não,5,5,Mestrado,Biológicas,Designer
294,2020-09-10 12:52:21,179.34.30.74,s,pt,Reovírus Aviário,5,4,Sim,4,4,3,Não,3,3,Mestrado,Biológicas,Pesquisador
295,2020-09-10 13:15:57,201.17.121.175,s,pt,Citocinas,2,1,Sim,3,5,1,Não,1,1,Pós-Graduação,Humanas,Pesquisador
296,2020-09-10 13:24:01,201.17.84.198,s,pt,Células Tronco,5,4,Sim,4,5,5,Sim,4,3,Graduação,Exatas,Designer
297,2020-09-10 13:24:43,201.17.89.215,s,pt,Células Tronco,5,5,Sim,4,5,5,Sim,5,5,Mestrado,Biológicas,Designer
298,2020-09-10 13:26:39,187.40.207.16,s,pt,Células Tronco,3,3,Sim,4,5,4,Sim,4,4,Doutorado,Exatas,Designer
299,2020-09-10 13:39:07,179.179.225.240,s,pt,Febre Amarela,4,4,Sim,4,5,2,Sim,5,2,Mestrado,Biológicas,Pesquisador
300,2020-09-10 14:05:49,186.206.245.40,s,pt,Citocinas,3,2,Sim,2,5,3,Sim,2,3,Mestrado,Biológicas,Designer
301,2020-09-10 14:07:01,177.193.201.205,s,pt,Citocinas,2,2,Sim,2,4,5,Não,2,2,Doutorado,Exatas,Designer
302,2020-09-10 14:14:51,189.115.184.198,s,pt,Linfócitos,5,3,Sim,4,5,3,Sim,5,5,Pós-Graduação,Biológicas,Pesquisador
303,2020-09-10 14:16:32,177.20.3.181,s,pt,Linfócitos,1,3,Sim,3,5,4,Sim,3,3,Pós-Graduação,Biológicas,Pesquisador
304,2020-09-10 14:28:28,200.131.9.40,s,pt,Febre Amarela,5,4,Sim,4,5,4,Sim,4,3,Doutorado,Biológicas,Designer
305,2020-09-10 14:47:08,191.190.231.80,s,pt,Linfócitos,1,2,Sim,2,5,4,Sim,2,2,Doutorado,Biológicas,Designer
306,2020-09-10 16:22:27,179.107.144.106,s,pt,Reovírus Aviário,5,5,Sim,5,5,5,Sim,5,3,Pós-Graduação,Humanas,Pesquisador
307,2020-09-10 16:47:45,170.233.39.215,s,pt,Reovírus Aviário,3,5,Sim,3,4,3,Sim,1,1,Doutorado,Exatas,Designer
308,2020-09-10 16:51:26,177.132.151.22,s,pt,Células Tronco,3,2,Sim,2,5,3,Não,3,2,Mestrado,Biológicas,Pesquisador
309,2020-09-10 17:10:02,200.139.120.223,s,pt,Citocinas,1,1,Sim,1,5,1,Não,1,1,Mestrado,Biológicas,Pesquisador
310,2020-09-10 17:33:00,187.58.196.36,s,pt,Febre Amarela,4,3,Sim,4,5,4,Sim,4,4,Pós-Graduação,Humanas,Pesquisador
311,2020-09-10 17:43:32,157.86.94.3,s,pt,T. gondii,3,4,Sim,5,5,4,Sim,5,5,Doutorado,Biológicas,Designer
312,2020-09-10 17:48:18,179.179.180.1,s,pt,T. gondii,5,5,Sim,3,5,5,Sim,3,5,Mestrado,Biológicas,Designer
313,2020-09-10 17:57:28,179.108.187.132,s,pt,Febre Amarela,2,4,Sim,1,4,2,Não,1,1,Doutorado,Biológicas,Designer
314,2020-09-10 17:58:10,146.164.145.37,s,pt,Febre Amarela,5,4,Não,4,5,5,Sim,5,5,Mestrado,Biológicas,Designer
315,2020-09-10 17:58:29,177.220.172.175,s,pt,Febre Amarela,5,5,Sim,5,5,5,Sim,5,4,Mestrado,Biológicas,Designer
316,2020-09-10 18:13:53,177.25.172.206,s,pt,Linfócitos,5,5,Sim,5,4,4,Sim,4,4,Graduação,Biológicas,Designer
317,2020-09-10 18:25:24,177.158.62.95,s,pt,Reovírus Aviário,3,3,Sim,3,2,2,Sim,2,2,Doutorado,Biológicas,Pesquisador
318,2020-09-10 18:36:20,200.152.99.180,s,pt,Reovírus Aviário,2,3,Não,3,5,3,Não,3,4,Graduação,Humanas,Designer
319,2020-09-10 18:47:03,177.136.138.241,s,pt,Células Tronco,2,2,Sim,2,3,2,Sim,3,3,Doutorado,Biológicas,Pesquisador
320,2020-09-10 18:52:25,177.14.224.34,s,pt,Citocinas,3,1,Sim,2,4,1,Não,1,2,Doutorado,Biológicas,Pesquisador
321,2020-09-10 18:54:12,177.209.238.180,s,pt,Citocinas,3,2,Sim,2,1,1,Não,1,1,Mestrado,Biológicas,Pesquisador
322,2020-09-10 18:59:44,157.86.113.27,s,pt,T. gondii,2,3,Sim,2,4,1,Não,1,3,Doutorado,Biológicas,Pesquisador
323,2020-09-10 19:04:30,179.218.246.214,s,pt,Febre Amarela,4,5,Sim,5,5,4,Sim,5,5,Doutorado,Humanas,Pesquisador
324,2020-09-10 19:11:54,200.128.7.22,s,pt,Linfócitos,4,3,Sim,3,5,3,Sim,3,4,Doutorado,Biológicas,Pesquisador
325,2020-09-10 19:17:05,177.39.125.132,s,pt,Citocinas,5,5,Sim,3,5,5,Sim,4,3,Mestrado,Biológicas,Designer
326,2020-09-10 19:23:11,201.19.103.21,s,pt,Linfócitos,4,3,Não,5,5,5,Sim,4,3,Doutorado,Biológicas,Designer
327,2020-09-10 19:24:51,186.223.166.43,s,pt,Linfócitos,4,4,Sim,3,5,4,Não,3,3,Doutorado,Biológicas,Designer
328,2020-09-10 19:30:21,45.227.55.255,s,pt,Reovírus Aviário,4,5,Sim,4,5,3,Não,5,5,Graduação,Biológicas,Pesquisador
329,2020-09-10 19:36:23,189.115.130.231,s,pt,Reovírus Aviário,2,2,Sim,2,2,3,Sim,3,2,Mestrado,Humanas,Designer
330,2020-09-10 20:43:09,177.99.78.204,s,pt,Células Tronco,4,3,Sim,3,5,4,Sim,5,5,Mestrado,Exatas,Pesquisador
331,2020-09-10 21:02:52,177.192.123.204,s,pt,Células Tronco,3,3,Sim,3,4,4,Não,3,2,Mestrado,Humanas,Designer
332,2020-09-10 21:38:32,138.255.183.125,s,pt,T. gondii,5,5,Sim,5,5,2,Não,1,2,Doutorado,Biológicas,Pesquisador
333,2020-09-10 21:54:15,187.115.248.18,s,pt,T. gondii,4,4,Sim,4,5,4,Sim,4,5,Pós-Graduação,Humanas,Designer
334,2020-09-11 01:42:16,191.163.7.239,s,pt,Febre Amarela,3,3,Sim,3,5,2,Não,2,1,Mestrado,Biológicas,Pesquisador
335,2020-09-11 03:35:16,179.34.138.55,s,pt,Linfócitos,4,3,Sim,4,5,3,Não,3,3,Mestrado,Biológicas,Pesquisador
336,2020-09-11 11:15:03,179.34.29.24,s,pt,Citocinas,4,5,Não,4,5,5,Sim,4,5,Mestrado,Humanas,Designer
337,2020-09-11 11:54:56,45.238.184.138,s,pt,Reovírus Aviário,4,5,Sim,5,5,4,Sim,5,4,Mestrado,Biológicas,Pesquisador
338,2020-09-11 12:05:46,138.204.26.175,s,pt,Reovírus Aviário,5,5,Não,5,5,5,Sim,5,5,Mestrado,Biológicas,Designer
339,2020-09-11 12:33:44,179.210.39.238,s,pt,Células Tronco,2,2,Sim,3,5,1,Não,1,1,Doutorado,Exatas,Pesquisador
340,2020-09-11 13:13:12,179.34.101.82,s,pt,Células Tronco,5,4,Sim,3,5,5,Sim,4,4,Mestrado,Exatas,Designer
341,2020-09-11 13:17:51,179.215.248.208,s,pt,Células Tronco,5,4,Sim,5,4,4,Sim,4,3,Graduação,Biológicas,Designer
342,2020-09-11 14:00:13,201.17.85.205,s,pt,T. gondii,5,5,Sim,5,5,4,Sim,5,4,Mestrado,Biológicas,Pesquisador
343,2020-09-11 15:11:22,200.229.244.171,s,pt,Citocinas,1,1,Sim,1,5,1,Não,1,1,Mestrado,Biológicas,Pesquisador
344,2020-09-11 17:24:11,186.205.17.240,s,pt,T. gondii,4,5,Sim,4,5,4,Sim,4,4,Pós-Graduação,Biológicas,Designer
345,2020-09-11 17:27:06,187.114.114.113,s,pt,T. gondii,3,2,Sim,2,5,5,Sim,2,4,Mestrado,Exatas,Designer
346,2020-09-11 17:50:32,177.19.126.254,s,pt,Febre Amarela,4,3,Não,4,5,3,Não,4,2,Pós-Graduação,Biológicas,Pesquisador
347,2020-09-11 20:49:08,189.40.82.125,s,pt,Citocinas,2,2,Sim,3,4,4,Sim,2,4,Pós-Graduação,Biológicas,Designer
348,2020-09-11 22:44:42,177.12.41.42,s,pt,Linfócitos,2,1,Sim,2,5,1,Sim,2,2,Mestrado,Biológicas,Pesquisador
349,2020-09-12 00:08:27,201.4.146.166,s,pt,Febre Amarela,4,5,Sim,4,5,5,Sim,5,5,Graduação,Biológicas,Designer
350,2020-09-12 03:11:25,132.255.43.106,s,pt,Linfócitos,5,5,Não,5,2,4,Não,4,5,Mestrado,Exatas,Designer
351,2020-09-12 10:30:56,181.191.240.130,s,pt,Reovírus Aviário,2,2,Sim,3,4,1,Sim,3,2,Pós-Graduação,Biológicas,Pesquisador
352,2020-09-12 10:38:01,179.223.149.27,s,pt,Reovírus Aviário,4,5,Sim,4,4,5,Sim,4,3,Pós-Graduação,Biológicas,Designer
353,2020-09-12 11:13:52,189.33.236.104,s,pt,Células Tronco,5,5,Sim,5,5,5,Sim,4,4,Mestrado,Biológicas,Pesquisador
354,2020-09-12 12:11:00,179.236.135.110,s,pt,Citocinas,3,1,Sim,3,5,3,Não,2,3,Mestrado,Biológicas,Pesquisador
355,2020-09-12 12:14:40,177.186.79.113,s,pt,Citocinas,3,3,Sim,2,3,3,Sim,2,3,Mestrado,Biológicas,Pesquisador
356,2020-09-12 12:39:40,168.227.9.57,s,pt,T. gondii,4,3,Sim,3,5,1,Não,3,1,Mestrado,Biológicas,Pesquisador
357,2020-09-12 12:41:37,186.206.254.190,s,pt,Febre Amarela,3,3,Sim,3,5,3,Não,2,2,Pós-Graduação,Biológicas,Pesquisador
358,2020-09-12 13:30:22,186.206.254.205,s,pt,Citocinas,5,4,Sim,4,4,5,Sim,4,5,Pós-Graduação,Biológicas,Designer
359,2020-09-12 13:52:42,177.177.183.73,s,pt,Linfócitos,4,4,Não,3,5,3,Sim,4,4,Mestrado,Biológicas,Pesquisador
360,2020-09-12 14:39:12,170.233.32.246,s,pt,Febre Amarela,4,5,Sim,4,5,4,Sim,4,3,Pós-Graduação,Biológicas,Designer
361,2020-09-12 14:47:33,177.180.16.47,s,pt,Linfócitos,4,4,Não,5,5,5,Sim,5,5,Pós-Graduação,Biológicas,Designer
362,2020-09-12 15:15:47,45.168.16.66,s,pt,Reovírus Aviário,5,5,Não,5,5,4,Não,5,4,Mestrado,Biológicas,Pesquisador
363,2020-09-12 15:16:33,191.177.180.66,s,pt,Reovírus Aviário,4,2,Sim,3,5,3,Sim,3,3,Mestrado,Biológicas,Pesquisador
364,2020-09-12 17:56:33,200.144.238.54,s,pt,Reovírus Aviário,5,3,Sim,3,5,5,Sim,4,4,Mestrado,Biológicas,Designer
365,2020-09-12 18:37:04,177.140.104.139,s,pt,Células Tronco,3,3,Sim,5,5,3,Sim,3,3,Mestrado,Biológicas,Pesquisador
366,2020-09-12 19:20:49,187.4.117.175,s,pt,Células Tronco,4,5,Sim,4,5,5,Não,4,5,Pós-Graduação,Biológicas,Designer
367,2020-09-12 20:19:43,177.79.112.11,s,pt,Linfócitos,5,3,Sim,4,5,5,Não,5,4,Pós-Graduação,Biológicas,Designer
368,2020-09-12 21:06:19,191.5.92.110,s,pt,T. gondii,5,4,Sim,5,5,3,Não,4,3,Pós-Graduação,Biológicas,Pesquisador
369,2020-09-12 23:14:13,186.193.241.34,s,pt,T. gondii,3,2,Sim,1,5,2,Sim,2,3,Mestrado,Biológicas,Designer
370,2020-09-13 04:59:32,191.60.147.77,s,pt,Febre Amarela,5,3,Sim,4,4,3,Sim,4,3,Mestrado,Biológicas,Pesquisador
371,2020-09-13 11:40:14,179.157.140.187,s,pt,Citocinas,2,2,Sim,2,2,4,Sim,2,3,Pós-Graduação,Biológicas,Designer
372,2020-09-13 12:35:13,179.108.134.12,s,pt,Linfócitos,5,4,Não,5,5,4,Não,3,3,Pós-Graduação,Biológicas,Pesquisador
373,2020-09-13 16:49:13,45.238.229.97,s,pt,Febre Amarela,4,5,Sim,3,5,5,Sim,4,4,Pós-Graduação,Biológicas,Designer
374,2020-09-13 22:09:46,131.0.217.11,s,pt,Reovírus Aviário,2,2,Sim,3,5,2,Não,3,2,Mestrado,Biológicas,Designer
375,2020-09-13 23:08:09,177.149.24.96,s,pt,Células Tronco,5,5,Não,5,5,5,Sim,5,5,Mestrado,Biológicas,Pesquisador
376,2020-09-13 23:37:51,177.136.138.4,s,pt,Células Tronco,5,5,Não,5,5,5,Sim,5,5,Doutorado,Biológicas,Designer
377,2020-09-13 23:40:29,201.17.127.188,s,pt,T. gondii,5,5,Não,5,5,3,Sim,5,5,Doutorado,Humanas,Pesquisador
378,2020-09-14 00:03:32,187.18.179.97,s,pt,Citocinas,1,1,Sim,1,3,1,Sim,1,1,Graduação,Biológicas,Pesquisador
379,2020-09-14 02:08:53,187.53.117.253,s,pt,T. gondii,3,2,Sim,3,3,2,Sim,3,3,Mestrado,Biológicas,Designer
380,2020-09-14 02:23:18,177.59.12.221,s,pt,Febre Amarela,5,5,Não,4,4,4,Sim,4,4,Pós-Graduação,Biológicas,Pesquisador
381,2020-09-14 02:52:42,187.3.219.47,s,pt,Citocinas,1,2,Sim,2,1,5,Sim,1,1,Mestrado,Biológicas,Designer
382,2020-09-14 11:30:19,189.122.224.212,s,pt,Linfócitos,4,3,Sim,3,1,1,Não,3,1,Mestrado,Biológicas,Pesquisador
383,2020-09-14 12:46:02,45.169.111.26,s,pt,Febre Amarela,5,5,Sim,5,5,5,Sim,4,5,Graduação,Biológicas,Designer
384,2020-09-14 13:24:19,191.177.185.126,s,pt,Linfócitos,4,4,Sim,5,5,4,Sim,4,4,Mestrado,Biológicas,Designer
385,2020-09-14 15:12:25,177.223.194.38,s,pt,Reovírus Aviário,3,3,Sim,3,5,4,Sim,3,2,Mestrado,Humanas,Pesquisador
386,2020-09-14 15:19:09,189.60.83.70,s,pt,Reovírus Aviário,2,2,Sim,2,5,3,Sim,3,3,Pós-Graduação,Biológicas,Designer
387,2020-09-14 15:39:46,177.25.189.112,s,pt,Células Tronco,3,4,Sim,5,5,3,Sim,3,3,Mestrado,Biológicas,Pesquisador
388,2020-09-14 16:38:55,191.251.154.215,s,pt,Células Tronco,2,3,Sim,2,4,2,Não,2,2,Mestrado,Biológicas,Designer
389,2020-09-14 16:51:25,157.86.6.8,s,pt,T. gondii,3,3,Sim,2,4,3,Não,2,2,Mestrado,Biológicas,Pesquisador
390,2020-09-14 17:30:37,186.214.49.30,s,pt,Citocinas,2,3,Sim,3,4,3,Não,2,1,Mestrado,Biológicas,Pesquisador
391,2020-09-14 18:09:42,143.202.172.147,s,pt,T. gondii,3,2,Sim,2,4,3,Não,2,2,Pós-Graduação,Biológicas,Designer
392,2020-09-14 18:33:46,138.59.40.97,s,pt,Febre Amarela,5,3,Não,5,5,3,Sim,5,4,Mestrado,Humanas,Pesquisador
393,2020-09-14 19:16:08,179.210.82.131,s,pt,Citocinas,2,2,Sim,2,5,3,Sim,2,3,Doutorado,Humanas,Designer
394,2020-09-14 19:27:31,201.17.106.167,s,pt,Linfócitos,3,4,Sim,3,5,1,Não,3,1,Pós-Graduação,Biológicas,Pesquisador
395,2020-09-14 19:41:16,168.194.189.253,s,pt,Febre Amarela,4,4,Sim,4,5,4,Sim,4,4,Pós-Graduação,Humanas,Designer
396,2020-09-14 20:01:59,179.0.178.179,s,pt,Linfócitos,4,5,Não,4,5,5,Sim,4,4,Doutorado,Biológicas,Designer
397,2020-09-14 20:18:37,186.193.91.30,s,pt,Reovírus Aviário,2,3,Sim,3,4,2,Não,2,2,Pós-Graduação,Biológicas,Pesquisador
398,2020-09-14 20:30:40,187.94.114.168,s,pt,Reovírus Aviário,4,5,Sim,4,5,4,Não,4,2,Pós-Graduação,Biológicas,Designer
399,2020-09-14 20:55:45,201.17.79.74,s,pt,Células Tronco,4,3,Sim,2,5,3,Sim,3,4,Mestrado,Biológicas,Pesquisador
400,2020-09-14 21:09:45,201.76.179.199,s,pt,Células Tronco,4,2,Sim,4,5,4,Sim,4,4,Mestrado,Humanas,Designer
401,2020-09-14 21:17:31,177.130.243.166,s,pt,T. gondii,4,3,Sim,4,5,2,Não,5,3,Pós-Graduação,Biológicas,Pesquisador
402,2020-09-14 22:31:12,181.213.113.26,s,pt,Citocinas,2,1,Sim,1,5,1,Não,1,1,Mestrado,Biológicas,Pesquisador
403,2020-09-14 23:04:42,179.70.39.122,s,pt,T. gondii,4,3,Não,4,5,4,Sim,5,4,Mestrado,Biológicas,Designer
404,2020-09-15 01:07:06,201.17.112.211,s,pt,Febre Amarela,2,2,Não,2,4,4,Não,2,3,Mestrado,Humanas,Pesquisador
405,2020-09-15 01:29:39,187.110.217.16,s,pt,Citocinas,2,2,Sim,1,2,1,Não,2,1,Pós-Graduação,Biológicas,Designer
406,2020-09-15 02:43:05,201.17.125.65,s,pt,Linfócitos,4,4,Sim,4,3,3,Sim,1,5,Doutorado,Humanas,Pesquisador
407,2020-09-15 11:08:47,200.33.96.15,s,pt,Febre Amarela,3,4,Sim,1,4,5,Sim,3,5,Mestrado,Humanas,Designer
408,2020-09-15 11:57:11,179.199.135.167,s,pt,Linfócitos,3,4,Sim,3,5,4,Sim,4,5,Mestrado,Biológicas,Designer
409,2020-09-15 18:40:18,187.78.173.217,s,pt,Reovírus Aviário,5,4,Sim,4,5,4,Sim,4,4,Pós-Graduação,Humanas,Pesquisador
410,2020-09-15 19:47:19,187.78.103.56,s,pt,Reovírus Aviário,4,4,Sim,4,4,5,Sim,4,5,Pós-Graduação,Biológicas,Designer
411,2020-09-15 20:06:12,177.191.87.29,s,pt,Células Tronco,3,3,Sim,3,5,2,Sim,3,2,Pós-Graduação,Biológicas,Pesquisador
412,2020-09-16 20:08:58,189.40.82.218,s,pt,Células Tronco,5,4,Sim,3,5,4,Não,2,3,Mestrado,Biológicas,Designer
413,2020-09-16 20:16:05,189.94.123.95,s,pt,T. gondii,3,3,Sim,3,5,3,Sim,3,4,Mestrado,Biológicas,Pesquisador
414,2020-09-16 20:17:35,177.148.230.2,s,pt,T. gondii,4,4,Sim,4,5,4,Não,4,5,Mestrado,Biológicas,Pesquisador
415,2020-09-16 20:17:44,201.17.84.85,s,pt,T. gondii,4,4,Não,5,5,3,Não,4,2,Mestrado,Biológicas,Pesquisador
416,2020-09-16 20:24:06,45.186.36.201,s,pt,Citocinas,4,4,Sim,3,5,2,Não,3,3,Doutorado,Biológicas,Pesquisador
417,2020-09-16 20:33:03,189.82.130.9,s,pt,T. gondii,5,5,Sim,5,5,5,Sim,5,5,Mestrado,Biológicas,Designer
418,2020-09-16 20:47:30,191.33.3.211,s,pt,Febre Amarela,5,5,Sim,5,5,4,Sim,5,4,Graduação,Humanas,Pesquisador
419,2020-09-16 20:54:48,186.221.61.146,s,pt,Citocinas,3,3,Sim,4,2,2,Não,2,2,Mestrado,Humanas,Designer
420,2020-09-16 20:55:08,201.17.90.25,s,pt,Citocinas,1,1,Sim,1,2,3,Sim,1,3,Doutorado,Biológicas,Designer
421,2020-09-16 20:56:20,201.17.90.155,s,pt,Citocinas,5,4,Sim,4,5,5,Sim,4,4,Doutorado,Biológicas,Designer
422,2020-09-16 21:09:08,191.241.148.227,s,pt,Linfócitos,3,5,Sim,4,5,4,Sim,3,4,Mestrado,Biológicas,Pesquisador
423,2020-09-16 21:57:47,201.17.98.72,s,pt,Febre Amarela,4,5,Não,5,5,4,Sim,4,5,Pós-Graduação,Biológicas,Designer
424,2020-09-16 22:14:47,201.17.120.61,s,pt,Linfócitos,5,5,Sim,5,4,4,Sim,4,5,Mestrado,Biológicas,Designer
425,2020-09-16 22:38:17,187.119.226.17,s,pt,Reovírus Aviário,3,2,Sim,3,4,3,Não,3,2,Doutorado,Biológicas,Pesquisador
426,2020-09-16 23:26:41,131.0.217.58,s,pt,Reovírus Aviário,5,5,Não,3,5,5,Não,5,5,Pós-Graduação,Biológicas,Designer
427,2020-09-17 00:24:19,191.251.224.121,s,pt,Células Tronco,4,4,Sim,3,5,4,Sim,4,4,Mestrado,Biológicas,Pesquisador
428,2020-09-17 00:37:20,187.67.197.172,s,pt,Células Tronco,5,5,Sim,5,5,5,Sim,5,5,Pós-Graduação,Biológicas,Designer
429,2020-09-17 02:32:03,201.17.91.209,s,pt,Citocinas,2,3,Sim,2,5,5,Não,1,1,Mestrado,Biológicas,Pesquisador
430,2020-09-17 12:32:45,177.192.3.128,s,pt,Febre Amarela,5,5,Não,5,5,5,Sim,5,5,Mestrado,Biológicas,Pesquisador
431,2020-09-17 13:02:41,138.118.234.94,s,pt,T. gondii,4,4,Não,5,5,4,Não,5,4,Doutorado,Biológicas,Designer
432,2020-09-17 13:22:00,200.223.19.131,s,pt,Linfócitos,5,4,Sim,3,4,3,Sim,5,4,Doutorado,Biológicas,Pesquisador
433,2020-09-17 13:32:49,186.205.12.157,s,pt,Febre Amarela,5,4,Sim,5,5,4,Sim,5,4,Mestrado,Humanas,Designer
434,2020-09-17 14:03:15,45.231.100.75,s,pt,Linfócitos,5,5,Não,5,5,5,Sim,5,5,Mestrado,Biológicas,Designer
435,2020-09-17 14:56:32,2804:d41:ab2d:ab00:90fe:3444:3177:bf6a,s,pt,Reovírus Aviário,3,2,Não,3,5,3,Sim,4,2,Pós-Graduação,Biológicas,Pesquisador
436,2020-09-17 15:38:48,157.86.41.239,s,pt,Reovírus Aviário,5,5,Sim,5,5,5,Sim,5,5,Doutorado,Biológicas,Designer
437,2020-09-17 16:42:21,2804:14d:5cc2:82b0:a4c4:d323:5c46:75c6,s,pt,Células Tronco,5,5,Sim,4,5,5,Sim,5,5,Pós-Graduação,Humanas,Pesquisador
438,2020-09-17 17:04:00,187.20.195.56,s,pt,Células Tronco,5,4,Sim,5,5,5,Sim,5,5,Mestrado,Biológicas,Designer
439,2020-09-17 19:17:18,2804:7f1:e882:91c6:e194:48f1:74fa:6c33,s,pt,Citocinas,1,1,Sim,1,1,1,Não,1,2,Doutorado,Biológicas,Pesquisador
440,2020-09-17 20:16:50,179.107.132.109,s,pt,Febre Amarela,5,5,Sim,4,5,4,Sim,4,4,Doutorado,Humanas,Pesquisador
441,2020-09-17 20:58:11,179.210.57.36,s,pt,T. gondii,2,4,Sim,3,3,3,Não,4,3,Mestrado,Biológicas,Designer
442,2020-09-17 21:13:45,2804:14c:5be0:8318:bd81:efcd:9c74:3e09,s,pt,Linfócitos,5,3,Sim,4,2,2,Sim,2,2,Mestrado,Biológicas,Pesquisador
443,2020-09-17 23:03:46,2804:14d:5ce6:8893:6ccc:c0f7:3923:ca6b,s,pt,Febre Amarela,5,5,Não,5,5,4,Não,5,5,Doutorado,Biológicas,Designer
444,2020-09-18 00:08:05,2804:7f1:e780:fae1:1149:65cb:1b81:c48e,s,pt,Linfócitos,4,3,Não,4,5,5,Não,5,4,Pós-Graduação,Biológicas,Designer
445,2020-09-18 00:12:39,2804:14d:5c9d:9cb8:154c:bf81:289f:1ce4,s,pt,Reovírus Aviário,3,3,Sim,2,5,3,Sim,3,2,Mestrado,Biológicas,Pesquisador
446,2020-09-18 10:52:28,2804:7f1:e480:4156:9966:f8ff:cbc0:1e3b,s,pt,Reovírus Aviário,5,5,Sim,5,5,5,Sim,5,5,Pós-Graduação,Biológicas,Designer
447,2020-09-18 11:12:35,200.131.9.39,s,pt,Células Tronco,3,1,Sim,2,5,1,Não,4,1,Mestrado,Biológicas,Pesquisador
448,2020-09-18 11:16:28,191.251.237.189,s,pt,Células Tronco,5,5,Sim,4,5,5,Sim,4,4,Mestrado,Biológicas,Designer
449,2020-09-18 14:53:58,2804:14d:5cd5:8021:7578:ecd5:40bc:d3b5,s,pt,T. gondii,4,4,Sim,5,5,4,Sim,4,5,Mestrado,Biológicas,Pesquisador
450,2020-09-18 15:23:03,177.70.149.234,s,pt,Citocinas,3,2,Sim,3,4,3,Sim,3,2,Doutorado,Biológicas,Pesquisador
451,2020-09-18 15:40:36,2804:388:6080:a4e9:3c0f:2374:ec9c:9286,s,pt,T. gondii,5,5,Não,5,5,5,Sim,5,5,Pós-Graduação,Humanas,Designer
452,2020-09-18 16:13:23,201.17.91.94,s,pt,Febre Amarela,4,4,Sim,5,5,3,Não,4,4,Pós-Graduação,Biológicas,Pesquisador
453,2020-09-18 16:37:51,45.6.101.238,s,pt,Citocinas,1,2,Sim,2,4,2,Não,3,4,Mestrado,Biológicas,Designer
454,2020-09-18 17:17:00,2804:7f2:2a83:61ce:3c52:3eb5:4399:8d12,s,pt,Linfócitos,4,4,Não,4,5,3,Sim,5,4,Graduação,Biológicas,Pesquisador
455,2020-09-18 18:52:30,187.67.46.59,s,pt,Febre Amarela,5,5,Não,5,5,5,Sim,5,5,Graduação,Biológicas,Designer
456,2020-09-18 20:22:45,191.251.237.189,s,pt,Células Tronco,5,5,Sim,4,5,5,Sim,4,4,Mestrado,Biológicas,Designer
457,2020-09-18 22:15:47,2804:14c:5bd6:8003:4438:6dba:cdcb:4c07,s,pt,Linfócitos,4,5,Sim,3,5,5,Sim,3,5,Graduação,Biológicas,Designer
458,2020-09-21 09:41:28,130.238.112.214,s,pt,Reovírus Aviário,1,1,Sim,2,5,1,Não,1,1,Mestrado,Biológicas,Pesquisador
459,2020-09-21 13:49:03,170.150.237.178,s,pt,Reovírus Aviário,5,5,Sim,4,5,5,Sim,5,4,Mestrado,Biológicas,Designer
460,2020-09-22 17:25:24,2804:d41:b017:7100:5d9d:a1d9:cafc:3230,s,pt,Células Tronco,3,4,Sim,3,5,4,Sim,4,4,Mestrado,Humanas,Pesquisador
461,2020-09-22 19:57:56,2804:14d:5cd1:8878:6cf0:e52d:58e7:a5f0,s,pt,T. gondii,4,4,Sim,5,5,3,Sim,5,4,Pós-Graduação,Biológicas,Pesquisador
462,2020-09-23 16:53:14,201.17.153.82,s,pt,Citocinas,3,3,Sim,3,5,3,Sim,3,3,Mestrado,Biológicas,Pesquisador
463,2020-09-23 19:30:49,2804:18:835:f53b:9985:cdc5:88e:cd98,s,pt,T. gondii,2,3,Sim,3,5,4,Sim,3,3,Mestrado,Biológicas,Designer
464,2020-09-24 18:13:58,189.49.75.30,s,pt,Febre Amarela,3,2,Sim,2,5,2,Sim,3,2,Mestrado,Biológicas,Pesquisador
465,2020-09-28 23:12:56,2804:14d:2a78:8b70:c4f2:9a44:b277:bb7d,s,pt,Citocinas,3,3,Sim,2,4,3,Sim,2,2,Doutorado,Biológicas,Designer
466,2020-09-30 11:11:39,2804:14d:5cbc:a419:b523:a532:9019:f823,s,pt,Linfócitos,1,1,Sim,1,5,1,Não,1,1,Graduação,Biológicas,Pesquisador
467,2020-10-02 16:38:02,2804:d45:c20f:7d00:690f:52b4:aeb3:1a5a,s,pt,Febre Amarela,5,5,Não,5,5,5,Sim,5,5,Pós-Graduação,Biológicas,Designer
468,2020-10-30 14:59:10,216.48.86.237,s,en,Linfócitos,5,5,Sim,5,4,5,Não,5,4,Doutorado,Biológicas,Designer
469,2020-10-30 16:53:15,129.85.89.83,s,en,Reovírus Aviário,2,2,Sim,2,2,1,Sim,2,2,Doutorado,Biológicas,Pesquisador
470,2020-11-02 17:08:17,201.241.0.39,s,en,Reovírus Aviário,3,5,Sim,2,5,4,Sim,2,4,Doutorado,Biológicas,Designer
471,2020-12-07 18:50:03,189.26.122.99,s,en,Células Tronco,5,4,Não,4,5,4,Sim,5,5,Doutorado,Biológicas,Pesquisador
472,2020-12-08 17:45:58,2804:14c:87c3:81d3:8c17:8917:c6fd:b264,s,en,Células Tronco,5,4,Sim,4,5,4,Sim,3,3,Doutorado,Biológicas,Designer
